{
  "data_quality": {
    "missing_analysis": {
      "total_missing": "0",
      "missing_by_column": {
        "Date": 0,
        "Open": 0,
        "High": 0,
        "Low": 0,
        "Close": 0,
        "Volume": 0
      },
      "missing_percentage": 0.0
    },
    "duplicate_analysis": {
      "total_duplicates": "0",
      "duplicate_percentage": 0.0
    },
    "dtype_analysis": {
      "numeric_columns": [
        "Open",
        "High",
        "Low",
        "Close",
        "Volume"
      ],
      "categorical_columns": [
        "Date"
      ],
      "datetime_columns": []
    },
    "range_analysis": {
      "price_range": {
        "min": 60.4567,
        "max": 144.5708
      },
      "volume_range": {
        "min": "837615",
        "max": "1837975"
      }
    }
  },
  "basic_statistics": {
    "descriptive_stats": {
      "Open": {
        "count": 1000.0,
        "mean": 90.7850821,
        "std": 16.6533115890868,
        "min": 61.3263,
        "25%": 77.71995,
        "50%": 86.07249999999999,
        "75%": 100.36215,
        "max": 143.5499
      },
      "High": {
        "count": 1000.0,
        "mean": 92.0905779,
        "std": 16.91582733476791,
        "min": 62.8087,
        "25%": 78.81015000000001,
        "50%": 87.38069999999999,
        "75%": 101.5063,
        "max": 144.5708
      },
      "Low": {
        "count": 1000.0,
        "mean": 89.51541280000001,
        "std": 16.413848195138435,
        "min": 60.4567,
        "25%": 76.502375,
        "50%": 84.7616,
        "75%": 98.970425,
        "max": 141.5383
      },
      "Close": {
        "count": 1000.0,
        "mean": 90.81053750000001,
        "std": 16.67265607336529,
        "min": 61.3248,
        "25%": 77.71905,
        "50%": 86.05075,
        "75%": 100.344025,
        "max": 142.9307
      },
      "Volume": {
        "count": 1000.0,
        "mean": 1151139.551,
        "std": 163702.47347201034,
        "min": 837615.0,
        "25%": 1031644.5,
        "50%": 1143436.5,
        "75%": 1249511.75,
        "max": 1837975.0
      }
    },
    "additional_stats": {
      "Open": {
        "skewness": 0.9211596058862395,
        "kurtosis": 0.16833350599747288,
        "variance": 277.3327868832128,
        "range": 82.2236,
        "iqr": 22.642200000000003
      },
      "High": {
        "skewness": 0.9206106118492979,
        "kurtosis": 0.1527795614310543,
        "variance": 286.1452144196813,
        "range": 81.76209999999999,
        "iqr": 22.69614999999999
      },
      "Low": {
        "skewness": 0.9252385205046423,
        "kurtosis": 0.17324032285026503,
        "variance": 269.4144125730492,
        "range": 81.0816,
        "iqr": 22.468050000000005
      },
      "Close": {
        "skewness": 0.9207348235491905,
        "kurtosis": 0.16225855263929123,
        "variance": 277.9774605407245,
        "range": 81.60589999999999,
        "iqr": 22.624975000000006
      },
      "Volume": {
        "skewness": 0.5745760168243034,
        "kurtosis": 0.4246341478472391,
        "variance": 26798499820.85425,
        "range": "1000360",
        "iqr": 217867.25
      }
    },
    "time_series_stats": {}
  },
  "correlation_analysis": {
    "pearson_correlation": {
      "Open": {
        "Open": 1.0,
        "High": 0.9976216225145755,
        "Low": 0.9977177972050847,
        "Close": 0.9939667530802688,
        "Volume": 0.007349337325683054
      },
      "High": {
        "Open": 0.9976216225145755,
        "High": 1.0,
        "Low": 0.9971216931843532,
        "Close": 0.9977496270078571,
        "Volume": 0.031309168532867665
      },
      "Low": {
        "Open": 0.9977177972050847,
        "High": 0.9971216931843532,
        "Low": 1.0,
        "Close": 0.9975812422977473,
        "Volume": -0.01236662008316123
      },
      "Close": {
        "Open": 0.9939667530802688,
        "High": 0.9977496270078571,
        "Low": 0.9975812422977473,
        "Close": 1.0,
        "Volume": 0.01201240394518172
      },
      "Volume": {
        "Open": 0.007349337325683054,
        "High": 0.031309168532867665,
        "Low": -0.01236662008316123,
        "Close": 0.01201240394518172,
        "Volume": 1.0
      }
    },
    "spearman_correlation": {
      "Open": {
        "Open": 1.0,
        "High": 0.9963240092909253,
        "Low": 0.9963584493475247,
        "Close": 0.9906845466845466,
        "Volume": 0.023811959811959812
      },
      "High": {
        "Open": 0.9963240092909253,
        "High": 1.0,
        "Low": 0.9953367592808003,
        "Close": 0.9963387213057698,
        "Volume": 0.04731728974314535
      },
      "Low": {
        "Open": 0.9963584493475247,
        "High": 0.9953367592808003,
        "Low": 1.0,
        "Close": 0.9962409392296621,
        "Volume": 0.001009135012162417
      },
      "Close": {
        "Open": 0.9906845466845466,
        "High": 0.9963387213057698,
        "Low": 0.9962409392296621,
        "Close": 1.0,
        "Volume": 0.025195333195333194
      },
      "Volume": {
        "Open": 0.023811959811959812,
        "High": 0.04731728974314535,
        "Low": 0.001009135012162417,
        "Close": 0.025195333195333194,
        "Volume": 1.0
      }
    },
    "high_correlation_pairs": [
      {
        "col1": "Open",
        "col2": "High",
        "correlation": 0.9976216225145755
      },
      {
        "col1": "Open",
        "col2": "Low",
        "correlation": 0.9977177972050847
      },
      {
        "col1": "Open",
        "col2": "Close",
        "correlation": 0.9939667530802688
      },
      {
        "col1": "High",
        "col2": "Low",
        "correlation": 0.9971216931843532
      },
      {
        "col1": "High",
        "col2": "Close",
        "correlation": 0.9977496270078571
      },
      {
        "col1": "Low",
        "col2": "Close",
        "correlation": 0.9975812422977473
      }
    ]
  }
}